[
  {
    "description": "",
    "elements": [
      {
        "description": "",
        "id": "duckduckgo.com;visting-the-frontpage",
        "keyword": "Scenario",
        "line": 2,
        "name": "visting the frontpage",
        "steps": [
          {
            "keyword": "When ",
            "line": 3,
            "name": "I visit duckduckgo.com",
            "result": {
              "duration": 3808000000,
              "status": "passed"
            },
            "match": {
              "location": "not available:0"
            }
          },
          {
            "keyword": "Then ",
            "line": 4,
            "name": "I should see a search bar",
            "result": {
              "duration": 66000000,
              "status": "passed"
            },
            "match": {
              "location": "not available:0"
            }
          }
        ],
        "type": "scenario"
      }
    ],
    "id": "duckduckgo.com",
    "keyword": "Feature",
    "line": 1,
    "name": "duckduckgo.com",
    "uri": "cypress\\e2e\\duckduckgo.feature"
  }
]
